{
  "assignments": [
    {
      "id": "1",
      "name": "Bungalow",
      "description": "A bungalow is a single-story house that is small and compact in size, typically featuring a front porch or veranda. These types of homes are known for their cozy and inviting atmosphere, with a layout that is usually more convenient for those who prefer easy access to all rooms on one level. Bungalows often have a simple and practical design, making them popular choices for small families or individuals looking for a comfortable and manageable living space.",
      "price": "Estimated Price-2.5Cr"
    },
    {
      "id": "2",
      "name": "Duplex",
      "description": "Duplex typically refers to a structure with two separate entrances, often side by side, allowing for two distinct living spaces within the same building. Each unit in a duplex may have its own amenities and living areas, creating an opportunity for separate households to coexist in close proximity.",
      "price": "Estimated Price-1.2Cr"
    },
    {
      "id": "3",
      "name": "Farm House",
      "description": "A farmhouse is a type of dwelling that serves as the primary residence for a farming family. It is usually situated on or near the farmland where agricultural activities take place. Farmhouses are often characterized by their rural setting, functional design, and connection to the surrounding natural environment.",
      "price": "Estimated Price-70L"
    },
    {
      "id": "4",
      "name": "Town Houses",
      "description": "Townhouses are typically narrow, multi-story homes that are attached to one or more other houses in a row or a block. They are often found in urban or suburban areas and are known for their efficient use of space and shared walls with neighboring units. Townhouses can offer a sense of community while still providing individual ownership and privacy.",
      "price": "Estimated Price-30L"
    },
    {
      "id": "5",
      "name": "Apartments",
      "description": "Apartments vary in size and layout, with some being studios (one-room units) and others having multiple bedrooms and bathrooms. Living in an apartment offers a more communal living experience compared to a single-family home, as residents often share walls and common spaces with their neighbors.",
      "price": "Estimated Price-25Cr"
    }
  ],
  "groups": [
    {
      "id": "1",
      "students": [
        {
          "roll": "contact 56783456",
          "name": "Anand"
        },
        {
          "roll": "contact 56783456",
          "name": "Arjun"
        }
      ],
      "assignmentId": "Bunglow and Dupl"
    },
    {
      "id": "2",
      "students": [
        {
          "roll": "A101",
          "name": "Alice Cooper"
        },
        {
          "roll": "A104",
          "name": "John Doe"
        },
        {
          "roll": "A111",
          "name": "Chuck Norris"
        }
      ],
      "assignmentId": "8"
    },
    {
      "id": "3",
      "students": [
        {
          "roll": "A105",
          "name": "Jane Doe"
        },
        {
          "roll": "A106",
          "name": "John Smith"
        },
        {
          "roll": "A112",
          "name": "Bruce Wayne"
        },
        {
          "roll": "A113",
          "name": "Clark Kent"
        }
      ],
      "assignmentId": "12"
    }
  ]
}